episode,pano_id,gt_lat,gt_lon,guess_lat,guess_lon,distance_km,score,steps
0,h4iMM-P7kUjVZQkYhoJN7w,47.64285879711021,-122.1663138847344,37.67677166217466,-94.62087222825859,2492.153614045922,0.0019686957031661905,21
1,h4iMM-P7kUjVZQkYhoJN7w,47.64285879711021,-122.1663138847344,46.077002349384394,18.02397755903389,8898.317323172481,2.1815979699349027e-10,21
