episode,pano_id,gt_lat,gt_lon,guess_lat,guess_lon,distance_km,score,steps
0,ZRLeuCn26jlJfzoKV5E5Ag,47.59108844265707,-122.3259359749375,28.154536122969645,101.13810490243834,10538.137800392873,3.617114523181661e-12,21
1,ZRLeuCn26jlJfzoKV5E5Ag,47.59108844265707,-122.3259359749375,28.022500559178155,108.76650549550541,10179.76503418412,8.860547262343029e-12,21
