episode,pano_id,gt_lat,gt_lon,guess_lat,guess_lon,distance_km,score,steps
0,s-utaxRG5vM-fSwgEWJ8Tg,47.64899069533953,-122.3029155889737,7.42617055949689,-57.73826256414792,7507.329299981408,7.063513474510086e-09,5
1,s-utaxRG5vM-fSwgEWJ8Tg,47.64899069533953,-122.3029155889737,16.84253645702853,17.4118412643065,11800.451409143543,1.5410710875470066e-13,5
