episode,pano_id,gt_lat,gt_lon,guess_lat,guess_lon,distance_km,score,steps
0,lbrOuFd1lcbrImcJFUueAw,47.63384584194232,-122.3596839820687,44.878832023638005,-106.07506436855033,1286.31258911868,0.04012396578083088,21
1,lbrOuFd1lcbrImcJFUueAw,47.63384584194232,-122.3596839820687,-26.973119240906655,126.59327205227866,13723.938168301325,1.2572552529114023e-15,21
2,lbrOuFd1lcbrImcJFUueAw,47.63384584194232,-122.3596839820687,8.019375956692492,-62.967521262767605,7084.860734360285,2.0310012702962634e-08,21
3,lbrOuFd1lcbrImcJFUueAw,47.63384584194232,-122.3596839820687,-20.776667522963404,142.3305515442234,12085.424057267794,7.558185580048827e-14,21
