episode,pano_id,gt_lat,gt_lon,guess_lat,guess_lon,distance_km,score,steps
0,BTfm0daq1ELQy6AoxY9OUQ,47.70506463767379,-122.2021901475242,7.42617055949689,-57.73826256414792,7501.651792487366,7.164486248138586e-09,21
1,CAVImstg_ilB6ih-iHhcLA,47.65514352843267,-122.1872915460391,16.84253645702853,17.4118412643065,11794.40693538157,1.564535336730914e-13,21
